cuisine,name,num_reviews,price,stars
Modern European,Savoy Grill at The Savoy,40,64.5,3.5
Bars,Dirty Martini Covent Garden,2,N\A,3
Indian,Tamarind Mayfair,23,64.5,4
Bars,Bourne & Hollingsworth,1,N\A,5
French,Creme de la Crepe,0,N\A,5
,Black & Blue Waterloo,0,N\A,5
Vietnamese,Cay Tre Soho,3,39.5,4
North American,Maxwell's Bar & Grill,3,39.5,4
"Italian, Pizza",Franco Manca Victoria,0,30.0,5
International,Balans Soho Society Victoria,0,N\A,5
Bars,The Azulito Bar,0,N\A,5
"British, Modern European",Kingsley Two Brasserie,0,39.5,5
International,Cookhouse Joe Dean Street,0,N\A,5
North American,Japes,1,N\A,5
French,Pierre Victoire - Soho,1,N\A,5
Bars,Ballyhoo,0,N\A,5
"Italian, Pizza",Franco Manca Aldwych,0,30.0,5
Modern European,The Boulevard Theatre Restaurant,0,30.0,5
Korean,Koba,5,39.5,3
Hungarian,House of Chimney,0,30.0,5
French,Maison Francois ,0,N\A,5
"Barbecue, South American",Temper Soho,15,39.5,4
International,Onima,2,64.5,4
Afternoon tea,The English Tea Room at Brown's (afternoon tea),1,39.5,3
Pubs,The Seven Stars Holborn,0,N\A,5
Italian,Bocca di Lupo,64,64.5,5
Indian,Mumbai Lounge,0,39.5,5
,Spaghetti House Woodstock Street,0,N\A,5
Bars,Courtyard Garden at Sanderson hotel,1,N\A,3.5
Afternoon tea,Afternoon tea at One Aldwych,0,N\A,5
"British, French",Noble Rot Soho,0,39.5,5
Bars,The Leopard Bar at The Rubens at the Palace,0,N\A,5
Bars,Mr Fogg's House of Botanicals,0,N\A,5
Bars,The Perception,0,N\A,5
Burgers,Honest Burgers Soho,2,30.0,3.5
"Japanese, Sushi",Roka Aldwych,13,80.0,2.5
North American,SOLA Soho,0,N\A,5
"Halal, Lebanese",Al Sultan,0,39.5,5
,Afternoon Tea at Holbeck Ghyll,0,64.5,5
Bars,Garlic & Shots,2,N\A,0.5
Pubs,The Shaston Arms,0,N\A,5
Bars,The Piano Bar,0,N\A,5
,Burger and Lobster Soho,13,39.5,4
Afternoon tea,Afternoon Tea at Caffe Concerto Whitehall,0,N\A,5
"Argentinian, Steak",Gaucho Piccadilly,34,64.5,4.5
"Italian, Pizza",Pizza Express Langham Place,0,39.5,5
,Cafe Gourmand,0,30.0,5
Lebanese,Comptoir Libanais Poland Street,0,30.0,5
"International, Wine Bars",The Other Naughty Piglet,1,30.0,5
"Bars, Tapas",Salvador & Amanda Bloomsbury,0,30.0,5
Bars,Marconi at ME Hotel London,0,N\A,5
,The Black Penny,0,N\A,5
Bars,Thirst,0,N\A,5
Turkish,Le Bab,0,39.5,5
International,Homage at The Waldorf Hilton,3,64.5,3.5
Chinese,Baiwei,0,30.0,5
Turkish,EV,0,39.5,5
British,The Ship Tavern,0,N\A,5
,Fernandez & Wells Somerset House,1,30.0,1.5
"Fish, Pan-Asian",Sexy Fish,23,64.5,5
"Spanish, Tapas",The Port House,3,39.5,3.5
"Chinese, Thai",Hot Pot,0,30.0,5
British,Jar Kitchen,2,30.0,5
"Japanese, Peruvian",Sushisamba Covent Garden,14,64.5,5
Italian,Stampa,0,30.0,5
"Bars, North American",Smith & Wollensky (bar),0,N\A,5
Greek,The Real Greek Soho,0,39.5,5
Pubs,The Tipperary,0,N\A,5
Caribbean,The Rum Kitchen Carnaby Street,1,39.5,5
"Fusion, Italian, Japanese",Aiko,0,39.5,5
Bars,Eve Bar,1,N\A,5
French,Côte Oxford Circus - Market Place,0,30.0,5
British,Cabin Waterloo,0,N\A,5
British,Tea and Tattle,0,N\A,5
"British, International",Blue Door Bistro,1,64.5,4.5
"Italian, Pizza",Fratelli La Bufala Shaftesbury Avenue,1,30.0,5
Italian,Prima Sapori D'Italia,0,39.5,5
South East Asian,Lao Café,0,39.5,5
British,Quo Vadis,23,39.5,4
Indian,Tandoori Raj,0,N\A,5
Pubs,Munich Cricket Club,0,30.0,5
Japanese,Abeno,0,39.5,5
Modern European,The Baptist Bar & Grill at L'Oscar London,1,64.5,5
,Bali Bali,0,N\A,5
,The Living Room at My Chelsea,0,N\A,5
,Coco Ichibanya Covent Garden,0,N\A,5
"International, North American",The Breakfast Club Soho - Berwick Street,0,30.0,5
International,Bowls,0,30.0,5
,Art Yard Bar & Kitchen,1,N\A,4.5
"Afternoon tea, Bars","The Hamptons Bar at St. James' Court, A Taj Hotel",0,30.0,5
,The Library at St Ermin's Hotel (afternoon tea),0,30.0,5
French,Les Platanes,0,64.5,5
Mediterranean,Carnaby Restaurant,0,N\A,5
British,The Square Pig,0,N\A,5
Taiwanese,Old Tree Bakery Soho,0,N\A,5
British,Tom's Terrace,0,39.5,5
Bars,The American Bar at The Savoy,0,N\A,5
,East Street Restaurant,1,39.5,5
North American,Ma' Plucker,1,30.0,3.5
North American,Burger and Lobster Leicester Square,0,39.5,5
Italian,Bancone Golden Square,2,30.0,5
Wine Bars,The Arch Bar at The Intercontinental Park Lane,1,N\A,2
Pubs,The Red Lion Crown Passage,0,N\A,5
Chinese,Shanghai Modern,0,39.5,5
Italian,Princi,1,39.5,4.5
,Garfunkels - Northumberland Avenue,1,39.5,5
Italian,Mele e Pere,18,39.5,4
Gastropub,The Phoenix,0,39.5,5
Pubs,The Duke of Sussex,0,39.5,5
"International, River Boats",Glass Room,0,64.5,5
Indian,Hoppers Soho,11,39.5,4
,Caffe Concerto Green Park,0,N\A,5
Indian,Little Kolkata,0,39.5,5
Bars,Archer Street,0,N\A,5
Bars,Zenna,0,N\A,5
Pubs,The Spice of Life,0,N\A,5
"Argentinian, Steak",The Bull Steak Expert,9,39.5,5
North African,The Barbary,12,39.5,2
British,Petrichor at The Cavendish London,2,N\A,5
"Italian, Pizza",Pizza Express Wardour Street,1,39.5,5
"Chinese, Dim Sum",Canton Element,1,N\A,5
British,The Old Shades,0,N\A,5
Bars,Brumus (bar) at the Haymarket Hotel,0,N\A,5
Chinese,Yming,9,39.5,4
"International, Vegan",By Chloe Covent Garden,1,30.0,1
Bars,Be At One Piccadilly Circus,0,N\A,5
Bars,Walkers of Whitehall (Cocktail Bar),0,N\A,5
Italian,Zizzi The Strand,0,39.5,5
Thai,Pu's Brasserie,6,30.0,3.5
"British, Modern European, Scottish",Six By Nico London,0,39.5,5
Bars,Le Salon Bar,0,N\A,5
Bars,3 and 6 Bar ,0,N\A,5
Modern European,Evelyn's Table at The Blue Posts,0,64.5,5
"Burgers, North American",Shake Shack Leicester Square,0,30.0,5
,Dim T West End,1,30.0,3.5
Italian,Strada Southbank,0,N\A,5
Bars,The Mulwray at The Blue Posts,0,N\A,5
Indian,Masala Zone Covent Garden,8,39.5,4
Modern European,The Fox Club London,0,N\A,5
Bars,Two Floors,0,N\A,5
British,The Carvery,0,39.5,5
Chinese,Dumplings Legend,2,39.5,3
Pubs,Craft Beer Co. Covent Garden,0,N\A,5
British,Great Queen Street,18,39.5,3.5
"Burgers, International",Gourmet Burger Kitchen Maiden Lane,0,N\A,5
British,Mews of Mayfair,11,64.5,4
Japanese,Mitsukoshi Restaurant,0,N\A,5
International,The Level Restaurant @ Hilton West End,0,N\A,5
International,Beso,3,39.5,3.5
Japanese,Taka Mayfair,0,64.5,5
Swiss,Heritage ,1,64.5,4
Modern European,Denise's Restaurant,0,N\A,5
,Beyond Bread Fitzrovia,0,30.0,5
,Garfunkels - Cockspur Street,0,39.5,5
,Bill's Restaurant St Martin's Courtyard,5,N\A,3.5
French,Le Garrick,12,39.5,4
Gastropub,The White Swan Pub & Dining Room,9,N\A,4
Japanese,Sticks 'N' Sushi,9,39.5,5
"Japanese, Sushi",YO! Sushi Oxford Street,0,39.5,5
"Japanese, Sushi",Sticks 'n' Sushi Soho ,0,39.5,5
Afternoon tea,Wellington Lounge at the InterContinental Park Lane,0,39.5,5
Bars,Graphic,2,N\A,3.5
,Lantana Cafe Fitzrovia,1,30.0,5
"Afternoon tea, Bars",Afternoon Tea at Hotel Cafe Royal,4,39.5,4
"Italian, Peruvian",Monmouth Kitchen,0,39.5,5
North American,Big Easy Covent Garden,6,39.5,3
Italian,Rossopomodoro - Oxford Street,0,39.5,5
Italian,Vapiano Manchester,0,30.0,5
,Spaghetti House Haymarket,0,N\A,5
,Lick,0,30.0,5
French,Henrietta Bistro,2,39.5,4.5
"Mexican, Vegan",Club Mexicana,0,30.0,5
Pubs,The Running Horse Mayfair,2,N\A,4
Italian,Stef's Italian,0,39.5,5
Italian,Prezzo - St Martins Lane,2,N\A,4
Italian,Il Vicolo,0,39.5,5
Bars,Freud - Shaftesbury Avenue,1,N\A,4.5
"Spanish, Tapas",Mas Q Menos Soho,0,39.5,5
Italian,Melanie Italian Restaurant,2,N\A,4.5
,Los Locos,0,N\A,5
Greek,The Real Greek St Martin's Lane,1,39.5,4
British,W Hotel,0,N\A,5
Bars,The Lobby Bar at One Aldwych,1,N\A,3
"British, Italian",Manteca,0,39.5,5
Brazilian,Galeto ,0,39.5,5
"Bars, Japanese",Shochu Lounge at Roka Charlotte Street,2,N\A,3
Bars,Cellar Door,1,N\A,3.5
Korean,Kimchee,5,39.5,3.5
Steak,Flat Iron Denmark Street,2,39.5,4
"Afternoon tea, British",Afternoon Tea at The Sheraton Grand London,0,64.5,5
Chinese,New Mayflower,0,N\A,5
"Afternoon tea, Bars, Modern European, Wine Bars",Locket's,0,39.5,5
International,The Breakfast Club Soho,1,30.0,4
"Burgers, International",Byron Beak Street,0,30.0,5
"Japanese, Sushi",Ikeda,1,39.5,3.5
Bars,45 Jermyn Street bar,1,N\A,5
French,Noize,11,39.5,4
"Italian, Wine Bars",Il Tempo,0,N\A,5
Pubs,The Clarence Mayfair,0,N\A,5
Vietnamese,Viet Food,3,39.5,2
Bars,Good Godfrey's at The Waldorf Hilton,0,N\A,5
Spanish,Sabor Soho,0,64.5,5
Hotel Bars,Smith & Whistle,0,30.0,5
Thai,Soho Thai,0,N\A,5
International,Whyte & Brown,0,30.0,5
Bars,Blame Gloria,0,N\A,5
Indian,Malabar Junction,0,39.5,5
Bars,Primo Bar at the Park Plaza,0,N\A,5
Mexican,Chilango Chancery Lane,0,30.0,5
North American,Roadhouse,1,N\A,5
Bars,Terrace Bar at The Chesterfield Mayfair,0,N\A,5
"Burgers, International",Byron Holborn,0,30.0,5
Pubs,Argyll Arms,1,N\A,4.5
"International, South American, Sushi",Amazonico,0,64.5,5
,Rapha Cycle Club,0,30.0,5
Spanish,Sabor: The Counter,2,39.5,5
Fish,The Rock & Sole Plaice,2,39.5,1.5
"Spanish, Tapas",Meson Don Felipe,4,39.5,2
British,Wild Heart Bar & Restaurant,0,39.5,5
Chinese,Orient London China Town ,0,39.5,5
Italian,Bella Italia - Shaftesbury Avenue,0,30.0,5
Chinese,New World ,0,N\A,5
Modern European,The Piano Works West End ,0,64.5,5
British,The English Grill at The Rubens at the Palace,0,N\A,5
"Spanish, Tapas",Pix Carnaby,2,30.0,5
"Austrian, International",Boopshi's,3,39.5,4
"British, Steak",Sophie's Soho,3,39.5,5
Pubs,Green Man & French Horn,4,39.5,3.5
Bars,Baja Room at El Camion,0,N\A,5
Moroccan,Momo,15,64.5,3
Japanese,Kintan,2,39.5,5
Vietnamese,Keu Soho,0,30.0,5
Greek,21 Bateman Street,0,39.5,5
Middle Eastern,Fafa's,0,30.0,5
Burgers,Gourmet Burger Kitchen Waterloo,0,N\A,5
"Burgers, International",Byron  Strand,1,30.0,5
Italian,Babbo,2,64.5,4
Modern European,100 Wardour St (Restaurant & Club),5,64.5,5
"French, International",Bagatelle,0,N\A,5
Italian,Sartoria,13,64.5,4
"British, French, Modern European",Wild Honey St James,32,64.5,3
Indian,Kanishka,4,64.5,4
Italian,Ristorante Frescobaldi,4,80.0,4
British,Avenue,9,39.5,4
Indian,The Cinnamon Club,59,64.5,4.5
British,Skylon,25,64.5,4
Modern European,Heddon Street Kitchen,14,39.5,3
"Afternoon tea, British, French, Modern European",Bustronome ,56,80.0,5
"Afternoon tea, Indian",Cinnamon Bazaar,6,30.0,3
Modern European,Quaglino's,31,64.5,5
French,Côte Soho,4,30.0,4.5
"Afternoon tea, Bars, British",Lyaness at Sea Containers London,0,39.5,5
Italian,Carluccio's Garrick Street,2,39.5,1.5
Indian,Fatt Pundit,1,39.5,5
Pubs,The Harp,1,N\A,5
"Burgers, North American",Honest Burgers Covent Garden,0,30.0,5
,Gelupo,1,30.0,4.5
Pizza,Homeslice Fitzrovia,1,30.0,5
"Mediterranean, Turkish",Antalya,0,39.5,5
Modern European,Urban Tea Rooms,0,30.0,5
French,Rochester Brasserie,0,N\A,5
Bars,Kwant,0,30.0,5
Mexican,Cantina Laredo,20,39.5,4
Pubs,The Old Coffee House,0,N\A,5
Chinese,BaoziInn-Little Newport St,0,N\A,5
"Japanese, Sushi",Miyama Mayfair,2,39.5,3.5
Pubs,The Coal Hole,1,N\A,4.5
British,The Yard at Great Scotland Yard,0,64.5,5
Chinese,BaoziInn-Romilly St,0,39.5,5
Spanish,Ember Yard,6,39.5,4
Modern European,"Amphitheatre Restaurant, Bar & Terrace",0,N\A,5
Peruvian,Butifarra,0,30.0,5
Bars,The Tale Bar,0,N\A,5
German,Herman Ze German Fitzrovia,0,30.0,5
Bars,Cartizze,0,N\A,5
Pubs,Ye Grapes,0,N\A,5
Bars,The Pink Chihuahua,0,N\A,5
"Burgers, North American",Tommi's Burger Joint Soho,0,30.0,5
"British, Modern European",The Ivy Market Grill,11,39.5,3.5
,The Parlour at Fortnum & Mason,0,30.0,5
"Japanese, Sushi",Chisou Woodstock Street,0,64.5,5
Modern European,Hello Darling,0,39.5,5
"Brazilian, Japanese",Temakinho Soho,0,30.0,5
"Barbecue, North American",Bodean's Soho,8,39.5,3.5
Bars,Foundation Bar,6,30.0,4
"Bars, International",The Warwick,0,39.5,5
North American,Red Dog Saloon Soho,0,30.0,5
Bars,Bar Soho,1,N\A,4
,Afternoon Tea @Widbrook Grange Hotel,0,39.5,5
"Japanese, Sushi",Roka Charlotte Street,40,80.0,5
Italian,Cosmoba Restaurant,0,N\A,5
"Burgers, International",BOBO Social,3,39.5,4
Bars,Genuine Liquorette,0,N\A,5
"Bars, International",The National Café,1,39.5,4
French,Café Rouge - Irving Street,0,N\A,5
Modern European,The 10 Cases,17,39.5,4.5
Indian,Chutney Mary,9,64.5,5
Burgers,Jamboree Foodfest & Bar,0,30.0,5
Japanese,Cubé,1,64.5,3
,Bond & Brook,3,39.5,3
Pubs,The Thirsty Bear,7,N\A,3
British,Leicester Square Bar & Restaurant,0,N\A,5
"Bars, British",Tiger Tiger London,0,30.0,5
British,Butler's Restaurant at the Chesterfield Mayfair,1,64.5,5
Fish,FishWorks Covent Garden,0,64.5,5
International,Ahi Poké Victoria,0,30.0,5
Modern European,Le Chabanais,2,64.5,3
"North American, Steak",Steax and the City Mayfair,0,N\A,5
Italian,Spaghetti House Goodge Street,0,30.0,5
"Indian, Vegetarian",Sagar West End,1,30.0,3
Spanish,Bar Jaleo,0,30.0,5
"Dim Sum, Taiwanese",Din Tai Fung Covent Garden,2,39.5,5
International,StreetXO,8,64.5,4
French,Le Restaurant de Paul,0,39.5,5
,Camellia's Tea House,0,N\A,5
Moroccan,Souk Bazaar,1,N\A,3.5
Burgers,Honest Burgers Oxford Circus,0,30.0,5
,Café in the Crypt,0,N\A,5
"Brazilian, Japanese",Yoobi Soho,1,30.0,4.5
Steak,The Kenley,0,39.5,5
Bars,Bar Salsa Temple,2,N\A,2.5
British,The Connaught Grill at The Connaught,0,80.0,5
Italian,Isolabella,2,N\A,4
Chinese,Greenleaf,0,39.5,5
"Afternoon tea, Modern European",Cafe Monico,3,39.5,3
Bars,Upstairs at Rules,0,64.5,5
Bars,The Wave Bar & Club Chinois,0,N\A,5
,Kaffeine,0,30.0,5
"Bars, Hotel Bars",Rockwell at The Trafalgar St. James hotel ,0,39.5,5
Japanese,Koto Japanese Restaurant,0,N\A,5
Italian,Zizzi - West End St. Giles,2,N\A,5
"Afternoon tea, Modern European",Mirror Room at Rosewood London ,1,N\A,5
Indian,Gymkhana,31,64.5,5
French,Palm Court Brasserie,5,39.5,4
"Afternoon tea, Bars",The Polo Bar at The Westbury Hotel,1,39.5,4.5
Bars,68 and Boston,0,N\A,5
French,Cigalon,9,39.5,3.5
"Bars, International",Joe’s Bar ,0,30.0,5
Italian,Bella Italia - Cranbourn Street,0,30.0,5
International,Le Pain Quotidien,0,30.0,5
Thai,Thai Golden Palace,0,N\A,5
Swiss,St Moritz,4,39.5,3
Steak,Flat Iron Beak Street,3,39.5,4.5
Bars,Bar Termini Soho,2,N\A,3.5
International,EllaMia at St Martins Lane London,0,30.0,5
Bars,"The Slug and Lettuce, Fetter Lane",0,N\A,5
"Bars, Japanese",Machiya,0,39.5,5
Thai,Sawadika Fine Thai Restaurant,1,N\A,1
British,Farmstand,0,30.0,5
Indian,Shapur Indian Restaurant,0,30.0,5
Modern European,Drunch,3,39.5,5
"Afternoon tea, French",Ladurée Covent Garden,0,39.5,5
British,Charlie’s at Brown’s,0,64.5,5
"Afternoon tea, Modern European",Kona at St James's Court Hotel,0,39.5,5
"Bars, South American",Gaucho Piccadilly Bar and Roof Terrace,1,N\A,5
Japanese,Flesh & Buns Covent Garden,12,39.5,3.5
"Italian, Pizza",Pizza Express 85 Victoria Street,0,39.5,5
International,Leon Regent Street,0,39.5,5
,Bill's Restaurant Holborn ,1,N\A,2
Thai,Patara Oxford Circus,2,39.5,4
Bars,"The Slug and Lettuce, Artillery Row",0,N\A,5
"Brazilian, South American",Cabana Covent Garden,6,39.5,3
Mexican,El Camion,1,39.5,2.5
Greek,The Elysée ,20,39.5,5
Italian,21 Covent Garden,5,30.0,4
French,Ferdi,2,39.5,1.5
"International, Middle Eastern",The Palomar,23,39.5,5
"Middle Eastern, Persian",Berenjak,1,39.5,4
Bars,The Angel - St Giles High Street,0,N\A,5
Italian,Limoncello Ristorante Pizzeria,0,39.5,5
Chinese,P.F. Chang's Asian Table,3,39.5,1.5
Mexican,DF Tacos Tottenham Court Road,1,39.5,3.5
International,Great Court Restaurant,1,39.5,2
Indian,Maharaja of India,0,N\A,5
French,Café de Paris,1,39.5,3.5
International,Stephen St Kitchen,0,39.5,5
Modern European,Coopers,2,39.5,5
International,Mask Bar,0,N\A,5
Chinese,Leong's Legends,1,39.5,3.5
British,Scoff & Banter Bloomsbury,0,39.5,5
Afternoon tea,Afternoon Tea at Caffe Concerto Shaftsbury Avenue,0,N\A,5
Indian,Rasa Samudra,2,39.5,3
French,Mamie's,0,30.0,5
,Garfunkels - Irving Street,0,39.5,5
Indian,Chettinad Restaurant,1,N\A,2
Scandinavian,Scandinavian Kitchen,1,30.0,3.5
"Spanish, Tapas",Barrica,15,39.5,4
,Timmy Green,0,39.5,5
Bars,Retro Bar,0,N\A,5
,The Lounge at The Cavendish (afternoon tea),0,30.0,5
Mexican,Benito's Hat - Goodge Street,0,30.0,5
"Bars, British",May Fair Bar,1,39.5,5
British,St James Brasserie & Bar ,0,39.5,5
"Chinese, Szechuan",Barshu Restaurant,18,N\A,3
"Bars, Gastropub",The Red Lion Westminster,0,39.5,5
"Afternoon tea, Modern European",Arthur's Restaurant,0,39.5,5
West African,Akoko,0,64.5,5
Italian,IT London,0,64.5,5
"Bars, International",Hubbard & Bell,3,39.5,3.5
Modern European,Rochelle Canteen at The ICA,0,30.0,5
Italian,Pastaio,1,30.0,5
Bars,G-A-Y,0,N\A,5
Modern European,Covent Garden Kitchen,0,N\A,5
"Chinese, Szechuan",JinLi Chinatown,0,N\A,5
Spanish,La Tasca Spanish Tapas Bar and Kitchen - St Martin's Lane,0,N\A,5
Bars,"The Garden Bar, Champagne Terrace at The Ritz London",0,N\A,5
Bars,Black Dice,0,N\A,5
"Japanese, Sushi",Ichi-Riki Sushi House,1,39.5,4
Bars,Churchill’s Port House,0,N\A,5
Bars,Dukes Bar at Dukes Hotel,1,N\A,4.5
Bars,The Takeover Bar & Club,0,N\A,5
Bars,Soho Grind,0,30.0,5
British,The Cellarium Cafe and Terrace,1,N\A,4
,Notes Trafalgar Square,0,N\A,5
"Japanese, Sushi",Kiku,5,39.5,3.5
Bars,Bunga Bunga Covent Garden,2,N\A,4.5
"Afternoon tea, International",The Palm Court at The Ritz Hotel (afternoon tea),3,N\A,3.5
International,Park Row,0,N\A,5
Wine Bars,Dalla Terra,6,64.5,4.5
Belgian,Belgo Centraal,4,39.5,3
Bars,The Bar at the Athenaeum Hotel,0,N\A,5
Bars,Ku,0,N\A,5
Bars,New Evaristo,0,N\A,5
Japanese,Sasuke Great Windmill Street,0,30.0,5
Italian,Novikov - Italian Restaurant,8,80.0,3
Bars,Mews of Mayfair Lounge Bar,4,N\A,3.5
Greek,The Life Goddess - Deli Divine,4,N\A,3
Japanese,Wagamama Cardinal Walk,0,39.5,5
Chinese,Joy King Lau,2,39.5,4
"Japanese, Sushi",Yoshino,5,39.5,3.5
,Royal Quarter Cafe,5,30.0,2.5
Chinese,Firecracker,0,N\A,5
"Spanish, Tapas",Dehesa,6,39.5,4.5
Bars,Spritz Bar at Ape & Bird,0,N\A,5
"Afternoon tea, International",Mariage Frères,1,64.5,2.5
Modern European,Andrew Edmunds,22,39.5,3
Italian,Brazen Monkey Karaoke,0,N\A,5
Modern European,Carrara at St James ,0,39.5,5
Pubs,Lamb & Flag,2,N\A,3.5
"Mexican, Peruvian",Leicester Square Kitchen,0,30.0,5
Bars,"The Slug and Lettuce, Hanover Street",1,N\A,5
Modern European,Stanhope Bar & Restaurant,0,N\A,5
Thai,Wild Rice and Mamasan,2,N\A,5
"Brazilian, Japanese",Yoobi Oxford Circus,0,30.0,5
Japanese,Yamagoya,0,30.0,5
Bars,Courthouse Doubletree Bar,0,N\A,5
Pubs,The Sun & 13 Cantons ,0,39.5,5
International,Scarlett Green,0,30.0,5
"Afternoon tea, British, Modern European",sketch: Gallery,8,80.0,3.5
Bars,Mr Fogg's Society of Exploration ,0,N\A,5
"Ice Cream, International",My Old Dutch,1,30.0,0.5
,Clifford's Restaurant,0,64.5,5
British,Sussex Restaurant,0,39.5,5
"British, Modern European",The Natural Kitchen New Street Square,0,39.5,5
,Tapped & Packed - Rathbone Place,0,30.0,5
,Thai Square Covent Garden,0,N\A,5
Fish,Randall & Aubin,10,39.5,4
Mediterranean,Comida Bar and Restaurant,0,N\A,5
Indian,Darjeeling Express,2,30.0,4
Italian,Downtown Mayfair London,0,64.5,5
"Italian, Pizza",Circolo Popolare,1,39.5,5
Japanese,Tokimeite,1,64.5,4
Bars,Belgo Holborn,2,30.0,4.5
Lebanese,Kaslik,0,N\A,5
"British, International",Slug & Lettuce - Hanover Street,0,39.5,5
Taiwanese,Bao Fitzrovia,3,30.0,3.5
British,Hide Above,6,80.0,2.5
,Fleet River Bakery,0,30.0,5
Spanish,Sabor: El Asador,3,39.5,5
"Spanish, Tapas",Barrafina Dean Street,28,39.5,5
Italian,Pane Cunzato,0,39.5,5
,Ziggy's Bar at Hotel Cafe Royal,0,39.5,5
,Zizzi Victoria,1,N\A,3
Mexican,Chipotle - St Martin's Lane,0,30.0,5
Indian,Sagar Covent Garden,0,30.0,5
Bars,Be at One Soho Greek Street,0,N\A,5
Fish,Caviar House & Prunier,0,64.5,5
,Bourne & Hollingsworth Garden Room,0,64.5,5
Sushi,YO! Sushi Woodstock Street,0,39.5,5
British,Afternoon Tea @Café L'oscar,0,80.0,5
Italian,Vapiano - Great Portland Street,2,30.0,4
,Ladurée Burlington Arcade,1,30.0,4.5
Gastropub,The Queen's Head - Denman Street,4,39.5,3.5
Bars,Bassoon,0,N\A,5
"Spanish, Tapas",Barrafina Drury Lane,5,39.5,3
International,Leon Strand,0,39.5,5
Bars,The Shenkman Bar and Garden,0,30.0,5
Japanese,Hannah Japanese Restaurant,0,80.0,5
Fish,J Sheekey Atlantic Bar,8,39.5,5
"British, French",Cora Pearl,4,64.5,5
International,Rail House Café,2,39.5,4
"Chinese, Dim Sum",Yauatcha Soho,51,64.5,5
Italian,Spaghetti House Argyll Street,0,30.0,5
,Greyhound Café,1,39.5,4
Bars,Purple Bar at Sanderson hotel,0,N\A,5
Bars,Jerusalem Bar & Kitchen,2,39.5,2.5
,Royal Academy Grand Cafe,1,39.5,2
"Argentinian, South American, Steak",Gaucho Charlotte Street,2,64.5,5
Indian,Bristol Bawarchi,0,39.5,5
,Cakes & Bubbles at Hotel Cafe Royal,0,64.5,5
International,Frankie & Benny's Argyll Street,0,30.0,5
Pubs,The Queen's Larder,0,N\A,5
Dim Sum,Ping Pong Soho,4,39.5,3.5
"Italian, Pizza",Pizza Express Southampton Row,1,39.5,2
Bars,Temple Brew House,0,39.5,5
British,The Loose Box Bar and Kitchen,1,N\A,3.5
British,Frog by Adam Handling,12,39.5,5
Steak,Blacklock Covent Garden,0,39.5,5
Lebanese,Hiba Express Lebanese Restaurant,1,N\A,5
Hotel Bars,The Roof Terrace at Sanctum Soho,1,N\A,5
,Afternoon Tea at The Waldorf Hilton,0,64.5,5
Bars,Oscar (bar) at the Charlotte Street Hotel,0,N\A,5
"Fish, Fish and Chips",Gigs Fish Bar & Kebab House,0,30.0,5
"Bars, Pizza",The Escapologist,2,N\A,4
"Chinese, Dim Sum",Ping Pong Covent Garden,1,39.5,4
French,Labels Restaurant,0,N\A,5
Middle Eastern,The Halal Guys Leicester Square,0,30.0,5
Indian,Rasa,2,39.5,4
"Italian, Pizza",Pizza Pilgrims Covent Garden,2,30.0,5
"Greek, Mediterranean",Bistro 1 - Beak Street,0,N\A,5
"Italian, Pizza",Pizza Pilgrims Soho,3,39.5,4.5
"Burgers, International, Pizza",Fire & Stone,8,39.5,3
Indian,Strand Tandoori,0,N\A,5
"Barbecue, South American, Steak",Temper Covent Garden,1,39.5,5
Indian,Little Kolkata,0,39.5,5
Peruvian,Coya Mayfair,26,64.5,4.5
Mediterranean,Mo Diner,0,39.5,5
Japanese,Wagamama Irving Street,1,39.5,2
,The Terrace Grill and Bar at Le Meridien (afternoon tea),1,30.0,4
Indian,Bombay Bustle,4,39.5,4
Indian,Tandoori Nights - Covent Garden,0,N\A,5
Lebanese,Maroush Live Entertainment,0,N\A,5
"Chinese, Indian, International, Middle Eastern, Pan-Asian",The Restaurant at Palm Beach,1,64.5,1
International,Giraffe Southbank Centre,0,39.5,5
"Bars, Italian",La Goccia,0,39.5,5
International,Rainforest Cafe,1,39.5,5
Bars,10 Degrees Bar at Galvin at Windows,8,N\A,3
"Bars, Scandinavian",Nordic,1,N\A,5
Italian,Norris's,0,N\A,5
Bars,Karaoke Box Mayfair,0,N\A,5
,Kahve Dunyasi,0,30.0,5
International,Frankie & Benny's - Aldwych,0,39.5,5
"Italian, North American",Marco’s New York Italian at the Mercure London Bloomsbury Hotel,0,39.5,5
,The Library at St Ermin's Hotel (afternoon tea),0,30.0,5
Greek,Suvlaki,2,39.5,2.5
"International, Vegan",By CHLOE Oxford Circus,0,30.0,5
Pubs,The Adam & Eve,0,N\A,5
Bars,Simmons Soho,0,N\A,5
,Pennethorne’s Café Bar,0,N\A,5
,Café Le Cordon Bleu,2,30.0,4.5
Greek,Estiatorio Milos,10,64.5,3
"Afternoon tea, British",Hide Ground,3,64.5,2.5
Italian,Augustus Harris,0,39.5,5
"British, International",Slug & Lettuce - Victoria,0,39.5,5
Moroccan,Mamounia Lounge,5,39.5,2.5
Indian,Bhatti,0,N\A,5
Korean,Myung Ga,7,39.5,2
"Italian, Pizza",Pizza Express Bruton Place,0,39.5,5
,Gail's Bloomsbury,0,N\A,5
British,Papillon at Hotel Cafe Royal,0,N\A,5
Chinese,Master Wei ,1,30.0,5
"British, Wine Bars",Pall Mall Fine Wine,1,39.5,2
"Bars, Polish",Bar Polski,0,N\A,5
Mexican,Cafe Pacifico,4,39.5,3.5
"Lebanese, Mediterranean, Middle Eastern",Maison Du Mezze - Leicester Square,0,39.5,5
Pubs,The Windmill - Mill Street,1,N\A,3.5
Pubs,The Iron Duke,0,N\A,5
Caribbean,Jerk City,0,N\A,5
Bars,Cahoots,0,N\A,5
Modern European,My Old Dutch Holborn,3,30.0,2.5
"Bars, British",The Box Soho,0,80.0,5
Spanish,50 Days by Albert Adrià,0,N\A,5
French,Compagnie des Vins Surnaturels Seven Dials,1,39.5,2
Chinese,Sanxia Renjia Chinese Restaurant,1,N\A,5
"Indian, Vegetarian",India India,0,39.5,5
"Burgers, North American",Wahlburgers Covent Garden,4,30.0,3.5
Indian,Salt’n Pepper ,2,39.5,2
International,The Vincent Rooms & Escoffier Room,1,30.0,4.5
Bars,Benares (bar),1,N\A,5
British,5th View Bar & Food,0,30.0,5
Vietnamese,Pho Covent Garden,0,39.5,5
Bars,Market Place,4,N\A,1
"Italian, Mediterranean",Cafe Mode,5,30.0,3.5
Modern European,Richoux - Piccadilly,0,N\A,5
Bars,The Green Bar at Hotel Café Royal,0,30.0,5
British,The National Dining Rooms,4,39.5,4
Pubs,French House,1,N\A,5
Fish,Loch Fyne - Covent Garden,4,N\A,4.5
Fish and Chips,Poppie's Fish & Chips Soho,0,30.0,5
Korean,Assa,0,39.5,5
Modern European,Gail's Kitchen,1,39.5,4
North American,Sweet Chick,0,39.5,5
"Bars, South American",MNKY HSE,5,64.5,4
Wine Bars,Shepherd Market Wine House,0,N\A,5
"Barbecue, North American",Bodean's Covent Garden,0,39.5,5
Afternoon tea,The Athenaeum (afternoon tea),0,39.5,5
Bars,Cafe Kaizen,0,N\A,5
Indian,The Curry Room,0,64.5,5
"Japanese, Sushi",Hakuba,2,39.5,1.5
"Indian, Persian",Dum Biryani House,0,39.5,5
Modern European,The Vaults at the RSA,0,N\A,5
Chinese,Tao Tao Ju,0,N\A,5
,Novikov - Asian Restaurant,37,80.0,3
"Bars, British",Sway Bar,0,39.5,5
Steak,Johnstons Restaurant,0,N\A,5
Pubs,Coach & Horses - Greek Street,2,N\A,4
Chinese,Er Mei,0,39.5,5
Fish,Manzi's ,0,39.5,5
Pubs,The Crown & Two Chairmen,0,39.5,5
Japanese,Shochu Kanteen,0,N\A,5
Bars,Hawksmoor Seven Dials Bar,1,N\A,4.5
"Afternoon tea, Brasserie",Browns Mayfair,1,64.5,1.5
Thai,Thai Silk,4,39.5,2
,The Chipping Forecast Soho,0,30.0,5
Portuguese,Claro,0,39.5,5
Indian,Delhi Brasserie - Soho,0,N\A,5
"Italian, Wine Bars",Fino's Mount Street,0,39.5,5
Japanese,Kanada-Ya Panton Street,2,30.0,4
Spanish,La Tasca Spanish Tapas Bar and Kitchen - Victoria,0,N\A,5
Vietnamese,The House of Ho,3,39.5,3
"Japanese, Sushi",Tokyo Diner,2,30.0,3.5
British,The Gun Room at Plas Dinas,0,80.0,5
Wine Bars,Shampers,3,N\A,3.5
"Bars, Spanish",Salvador & Amanda Covent Garden,7,N\A,2
"Burgers, North American",Patty & Bun Soho,0,30.0,5
Bars,The Vault at Milroy's,1,N\A,5
Gastropub,The College Arms,0,N\A,5
Burgers,Artesian Bar,0,64.5,5
Pubs,The Lyric,0,30.0,5
Italian,Piazza Restaurant,1,N\A,5
Mexican,Kol ,0,64.5,5
Modern European,Davies & Brook ,0,80.0,5
"French, North American",Louie,0,64.5,5
Burgers,BAO + BURGER + BEER,0,39.5,5
Mexican,Chiquito - Leicester Square,0,N\A,5
Bars,The Bar at Bellamy's,0,N\A,5
Italian,Osteria Dell'Angolo,7,64.5,3.5
Italian,Il Borro,0,64.5,5
"Halal, Lebanese",Noura Mayfair,1,39.5,5
Bars,The Blind Pig,0,30.0,5
British,The Gallery at Fortnum & Mason,1,39.5,5
Turkish,Tas 33 The Cut,1,39.5,5
Pubs,The Salisbury,0,N\A,5
,Gail's Soho,0,30.0,5
Gastropub,Anchor & Hope,29,39.5,2
Bars,The Bloomsbury Club Bar,0,N\A,5
"Vegan, Vegetarian",Redemption Bar Seven Dials,0,N\A,5
Italian,Macellaio RC Bloomsbury,0,39.5,5
Bars,Be At One Covent Garden: Lyceum,0,N\A,5
International,RS Hispaniola,4,39.5,3
"Bars, British, Pubs",The George - The Strand,0,N\A,5
"Burgers, Fish",Burger and Lobster Oxford Circus,0,39.5,5
Lebanese,Maison du Mezze Kingston,0,39.5,5
"Bars, Pubs",The Draft House Charlotte W1,0,N\A,5
River Boats,Tattershall Castle,0,39.5,5
Bars,Amaranto (bar),0,N\A,5
Bars,Ralph's Coffee and Bar,0,N\A,5
Bars,Champagne Bar at Kettner's,0,64.5,5
,Boozy Tea Room,0,64.5,5
International,Balans Soho Society,3,39.5,3.5
"Japanese, Sushi",Engawa,3,64.5,3.5
Tapas,Pix Soho,3,30.0,4
Pubs,The Old Crown,3,N\A,4
"Japanese, Sushi",Kulu Kulu Sushi,4,30.0,4
Bars,Coppa Club Lounge,1,N\A,5
Pizza,Soho Joe,0,30.0,5
Bars,The 100 Club,0,N\A,5
,Tortilla Market Place,1,30.0,3
Bars,Punch Room at The London Edition,1,30.0,4
Bars,Coya Mayfair Pisco Lounge,0,N\A,5
,Patisserie Valerie Marshall Street,0,30.0,5
Bars,Blessing's,0,N\A,5
"Italian, Pizza",Pizza Express Dean Street,0,39.5,5
,Kintan Oxford Circus,0,39.5,5
French,Boulevard Brasserie,3,39.5,3
Spanish,Copita,3,39.5,4
International,Sartaj Resturant,0,N\A,5
Japanese,Inko Nito,0,39.5,5
Bars,The Light Lounge,0,N\A,5
"Halal, Turkish",Tas - Borough High Street,2,39.5,4
Bars,London Cocktail Club Goodge Street ,5,30.0,3.5
,Banana Tree Soho,2,30.0,4
Bars,Eleanor's Bar at Charing Cross Hotel,0,N\A,5
International,113 Restaurant & Bar ,0,39.5,5
Bars,The Rivoli Bar at The Ritz London,1,N\A,5
Modern European,Waterloo Bar & Kitchen,20,39.5,4.5
Japanese,Omoide,0,N\A,5
Vietnamese,MOC Kitchen,1,30.0,4.5
"Afternoon tea, French",Balthazar,49,64.5,4
"Halal, Lebanese",Al Hamra,2,39.5,2
Modern European,Folie,0,64.5,5
Japanese,Cocoro Coptic Street,0,N\A,5
Gastropub,Walkabout Temple,0,N\A,5
,The Terrace at Amba Hotel Charing Cross,1,N\A,3
"Burgers, Vegan, Vegetarian",Neat Burger Mayfair,0,30.0,5
Italian,Bella Italia - Argyll Street,0,30.0,5
Bars,Flamingo,0,N\A,5
"Middle Eastern, Persian",Nutshell,0,39.5,5
Chinese,Happy Lamb Hot Pot,1,30.0,4.5
Italian,Lina Stores - 51 Greek Street,6,39.5,3
"Chinese, Dim Sum",RedFarm London,0,N\A,5
Mexican,Wahaca Chandos Place,11,30.0,4
French,Le Boudin Blanc,30,64.5,4.5
North American,Dirty Bones Soho,0,39.5,5
Belgian,Belgo Soho,0,39.5,5
International,Madisons at The Washington Mayfair,0,N\A,5
"Italian, Pizza",Pizza Express Charlotte Street,1,39.5,2
Gastropub,The Bountiful Cow,2,39.5,4
British,The Northall at Corinthia Hotel London,6,64.5,3.5
"Bars, British",The Wigmore at The Langham,3,30.0,4.5
French,Brasserie Blanc Southbank,5,39.5,2
Thai,Rosa’s Thai Café Dean Street,4,39.5,3
South American,Las Iguanas Royal Festival Hall,4,39.5,4
Bars,Baranis,1,N\A,4
"Middle Eastern, Turkish",Kebab Queen at Maison Bab,0,64.5,5
"French, Modern European",Café Boheme,0,30.0,5
"Bars, Dim Sum",Opium Cocktail & Dim Sum Parlour,0,39.5,5
Chinese,Wan Chai Corner,0,N\A,5
Italian,Signor Grilli,0,N\A,5
French,La Petite Maison,25,N\A,3.5
,Hard Rock Cafe London Oxford Street,0,39.5,5
,Tap Coffee,0,30.0,5
"Italian, Pizza",Pizza Express 450 Strand,1,39.5,5
British,Strand Carvery,0,N\A,5
Pizza,Pizza Pilgrims Pizzeria & Friggitoria ,1,39.5,5
Bars,Polpo Soho Bar,0,N\A,5
Afternoon tea,Brigit’s Bakery Covent Garden,0,30.0,5
Mediterranean,Ceru Soho,0,39.5,5
,Bloomsbury Street Bar at Radisson Blu Edwardian Bloomsbury Street Hotel (afternoon tea),0,30.0,5
,Saint Luke's Table,0,64.5,5
Modern European,Kitchen Table at Bubbledogs,6,80.0,4.5
,Burger and Lobster Mayfair,15,N\A,3
"Bars, Indian",The Cinnamon Club (bar),2,N\A,5
"Italian, Pizza",Delfino,6,39.5,4.5
"British, Modern European",Mother Mash,0,30.0,5
"British, Pubs",Walkers of Whitehall,0,39.5,5
Italian,Cecconi's Mayfair,31,64.5,5
Bars,Picturehouse Central Cafe and Bar,0,N\A,5
Japanese,Titu,4,64.5,4
British,Cellarium Cafe & Terrace,1,39.5,4.5
"Japanese, Sushi",SO Restaurant,3,39.5,3.5
"Burgers, North American",MEATmarket,1,30.0,5
Pubs,Cross Keys - Endell Street,0,N\A,5
,Salt Espresso Lunch & Tea,0,30.0,5
Bars,The Drunken Oyster at Hai Cenato,0,N\A,5
Thai,Siam Central,6,30.0,2.5
Bars,Sports Bar & Grill - Waterloo,0,N\A,5
Mediterranean,NOPI - Downstairs,1,N\A,5
Bars,London Cocktail Club Shaftesbury Avenue,0,N\A,5
International,MoBa,0,N\A,5
"Italian, Pizza",Sartori,8,39.5,4
Spanish,Costa Dorada,0,N\A,5
,Patisserie Valerie Charing Cross,0,30.0,5
British,Holborn House,0,N\A,5
Turkish,Ali Ocakbasi,0,39.5,5
Indian,Masala Zone Soho,3,39.5,3.5
"Bars, North American",Cocktail Baby,0,N\A,5
Wine Bars,Gordon's Wine Bar,4,N\A,4.5
"Burgers, International",Byron Wellington Street,0,30.0,5
Bars,Circa,0,N\A,5
Spanish,La Tasca Spanish Tapas Bar and Kitchen - Regent Street,0,N\A,5
Bars,Donovan Bar at Brown's Hotel,2,N\A,2
Indian,Quilon,15,39.5,4
International,Cookhouse Joe,0,30.0,5
Bars,The Aviary Bar,3,N\A,5
Italian,Forty Dean Street,0,64.5,5
Bars,The Courthouse Hotel,0,N\A,5
,YO! Sushi Waterloo Station,0,N\A,5
Korean,Olle,0,N\A,5
British,Clifford's,0,N\A,5
Thai,Busaba Eathai Wardour Street,4,39.5,4
British,Keeper's House,0,64.5,5
Bars,Teatulia,0,N\A,5
Japanese,Koya Soho,0,39.5,5
"Spanish, Tapas",Salt Yard,14,64.5,4
French,Savoir Faire,1,N\A,5
Bars,Scarfes Bar at Rosewood London,2,N\A,5
Chinese,Haozhan,9,39.5,3
,"The Slug and Lettuce, County Hall",0,N\A,5
Bars,Reverend JW Simpson,0,N\A,5
Pubs,De Hems Dutch Bar,0,N\A,5
Bars,Soho Zebrano,1,N\A,5
Mexican,La Bodega Negra Café & Taqueria,5,39.5,4
"International, Italian",Chucs Mayfair,3,64.5,4
Bars,Lowlander Grand Café,2,N\A,4
Italian,L'Italiano,1,39.5,3.5
Mexican,Wahaca Waterloo,1,30.0,5
Turkish,Maison Bab,1,39.5,5
Bars,London Gin Club at The Star at Night,0,64.5,5
Italian,Pasta Sereni,1,30.0,4
Mexican,Wahaca Soho,0,30.0,5
Italian,Piccolino Heddon Street,8,39.5,4
Thai,Busaba Eathai Panton Street,5,39.5,3.5
International,Courtyard at 51 Buckingham Gate,0,39.5,5
Italian,My Pasta Bar,2,N\A,2
Korean,Kim's Mini Meals,0,30.0,5
International,Madisons Restaurant,3,N\A,5
North American,Stax Carnaby,0,39.5,5
Bars,The American Bar at The Stafford,1,80.0,4
"Chinese, Taiwanese",Bao Soho,6,30.0,4
Italian,Amaranto,0,64.5,5
Thai,Rosa's Thai Cafe Seven Dials,0,30.0,5
Taiwanese,Din Tai Fung Centre Point,0,39.5,5
"Spanish, Tapas",Lobos Soho,1,39.5,4
Bars,Mark's Bar at The Old Vic,0,N\A,5
Thai,Pu's Brasserie,0,30.0,5
International,Garfunkel's Leicester square,0,39.5,5
International,Covent Garden Grill,0,39.5,5
"French, Vegan, Vegetarian",Gauthier Soho,37,64.5,5
"Japanese, Pan-Asian",Wagamama Holborn,0,39.5,5
Burgers,Kua'aina Fitzrovia,0,39.5,5
French,Blanchette Soho,4,N\A,4
British,Rules,24,64.5,5
"Indian, Vegan",Annakut,0,39.5,5
Indian,Dishoom Covent Garden,8,39.5,4
"British, Modern European",Squares,0,N\A,5
Brasserie,Old Compton Brasserie,0,39.5,5
Modern European,Bryn Williams at Somerset House,4,39.5,4.5
,Koox,0,39.5,5
French,Chez Antoinette Victoria,0,30.0,5
"Italian, Pizza",Pizza Express Millbank,1,39.5,5
"Spanish, Tapas",Mas Q Menos Holborn,0,39.5,5
Japanese,Wagamama Belvedere Road,0,39.5,5
Burgers,Honest Burgers Waterloo,0,30.0,5
British,Tuttons,1,39.5,2
Japanese,Bone Daddies Soho,7,39.5,4.5
Pizza,Cecconi's Pizza Bar,0,39.5,5
Mexican,Wahaca Charlotte Street,1,30.0,5
Pubs,The Ship & Shovell,0,N\A,5
Bars,Jack Solomons Club,0,N\A,5
"International, Pizza",Mews Pizza Co.,5,39.5,4
Afternoon tea,Afternoon Tea at Caffe Concerto Piccadilly,0,N\A,5
"Burgers, North American",Shake Shack Cambridge Circus,0,30.0,5
Bars,The Blue Boar Bar,0,N\A,5
French,Moncks of Dover Street,0,39.5,5
Lebanese,Yalla Yalla - Green's Court,7,39.5,4
Mediterranean,Cafe Mode - Drury Lane,1,N\A,4
International,Chicken Shop High Holborn,0,39.5,5
Pubs,The Clachan,0,N\A,5
Bars,Disrepute,0,N\A,5
Italian,Ristorante Granaio,0,39.5,5
International,Garfunkel's Tottenham Court Road,0,39.5,5
"Malaysian, Singaporean",Rasa Sayang,0,30.0,5
Japanese,Shackfuyu,5,30.0,4
"Bars, British",Ruby Blue,0,30.0,5
,Jamie's Italian St Martin's Courtyard,5,39.5,3.5
"Italian, Pizza",'O ver St James's ,0,39.5,5
International,Foley's,1,39.5,5
Pubs,The John Snow,0,N\A,5
Bars,Wyld,0,N\A,5
"Afternoon tea, International",sketch: The Parlour,6,39.5,4.5
,Aubaine Deli,0,30.0,5
Thai,Busaba Eathai Bloomsbury,1,39.5,4.5
Modern European,Mortimer House Kitchen,0,64.5,5
Modern European,The Archduke,1,N\A,3.5
Italian,Getti,3,39.5,3
"Italian, Pizza",Ponti's Italian Kitchen - John Princes Street,1,N\A,5
Bars,Maple Leaf,0,64.5,5
Italian,In Parma by Food Roots,7,39.5,4
Japanese,Yumi Izakaya,3,39.5,4
North American,All Star Lanes Holborn,1,39.5,1
Japanese,Tonkotsu Soho,4,39.5,3.5
,Thai Square Strand,3,N\A,3.5
"Italian, Mediterranean",San Carlo Cicchetti Piccadilly,6,30.0,4
Chinese,BaoziInn-Newport Ct,6,30.0,3
Bars,Henson’s Bar and Social at Mimi's Hotel,0,N\A,5
French,Boulestin,18,39.5,4
Bars,Planet of the Grapes Sicilian Avenue,0,N\A,5
,Chaijunt Restaurant,0,N\A,5
Korean,Soju,0,39.5,5
Chinese,Shuang Shuang,0,39.5,5
Japanese,Ichibuns,0,30.0,5
,The Riverfront,2,39.5,4
British,The London Cabaret Club,0,39.5,5
Bars,London Cocktail Club Oxford Circus,2,N\A,4
Italian,Vetro Wine & Cocktail Bar,1,39.5,5
Bars,Heliot Bar at The Hippodrome,0,N\A,5
Japanese,Wagamama Covent Garden,0,30.0,5
Italian,Zizzi Bow Street,1,39.5,1
Russian,Assorti - W1,0,N\A,5
Bars,Village,0,N\A,5
British,Sweetspot,0,N\A,5
"Burgers, North American",Patty & Bun Goodge Street ,1,30.0,3
British,Blue Boar ,3,64.5,4.5
Modern European,Spiritland Royal Festival Hall,0,39.5,5
Indian,Silk Restaurant,0,N\A,5
"Burgers, International",Gourmet Burger Kitchen Frith Street,0,N\A,5
Bars,The Cut,2,N\A,4
"Burgers, International",Chick 'n' Sours Seven Dials,1,30.0,5
French,Côte St Martins Lane,0,30.0,5
Bars,Dukes Cognac & Cigar Garden,0,N\A,5
Mexican,Wahaca Southbank,0,30.0,5
"Italian, Pizza",Pizza Express High Holborn,0,39.5,5
"Afternoon tea, British, Steak",Gillray's Steakhouse & Bar,8,64.5,3
Korean,Naru Restaurant,1,39.5,3
North American,Shake Shack New Oxford Street,1,30.0,5
Afternoon tea,Afternoon Tea at Caffe Concerto Northumberland Avenue,0,N\A,5
"Lebanese, Middle Eastern",Yalla Yalla - Winsley Street,2,39.5,5
Indian,Soho Wala,0,39.5,5
Italian,Bancone Covent Garden,3,39.5,4
Bars,The Martini Bar at Christopher's,0,30.0,5
Bars,The Arts Theatre Club   ,0,39.5,5
"Austrian, International",Boopshi's,0,39.5,5
"Mediterranean, Moroccan, North African",Afternoon Tea at Momo,0,64.5,5
French,Côte Covent Garden,5,30.0,4
British,Bill's Restaurant Soho,1,39.5,2.5
French,The Ritz Restaurant,26,80.0,3
Italian,Tasting Sicily Enzo's Kitchen,1,64.5,5
Peruvian,Ceviche Soho,24,39.5,4
Pubs,Holborn Whippet,1,N\A,5
"Bars, International",Hudson's House at St Giles Hotel,0,39.5,5
Japanese,Sticks 'N' Sushi Victoria,0,39.5,5
British,Benugo Bar & Kitchen at BFI Southbank,14,39.5,3.5
"Afternoon tea, Italian",The Petersham Covent Garden,2,64.5,5
French,Mon Plaisir,7,N\A,2.5
Afternoon tea,The Palace Lounge at The Rubens at The Palace Hotel (afternoon tea),0,39.5,5
,The Japanese Canteen High Holborn,0,N\A,5
Bars,"The Slug and Lettuce, Leicester Square",0,N\A,5
,Hilliard,0,30.0,5
Bars,The Beach Bar at The Montague on the Gardens,0,N\A,5
Bars,Beaufort Bar at The Savoy,1,39.5,4
"Afternoon tea, British",Thames Dinner Cruise,0,39.5,5
International,Peter Stringfellow's Angels @ The Wardour,0,39.5,5
Japanese,"Tombo, Poké & Matcha Bar",0,30.0,5
Italian,Da Paolo,1,39.5,5
Modern European,Ducksoup,9,39.5,3
Modern European,The Cafe at Sotheby's,0,39.5,5
"British, Mediterranean",Jak's Mayfair,0,39.5,5
,Canteen Royal Festival Hall,7,N\A,2.5
Pubs,The Red Lion Duke of York Street,0,N\A,5
"Bars, Pizza",B-Soho (bar),2,N\A,3
"Afternoon tea, British",The Parlour at the Great Scotland Yard Hotel Afternoon Tea,0,64.5,5
International,The Bowler Covent Garden,0,30.0,5
Turkish,Yeni,1,N\A,3
Peruvian,Señor Ceviche Carnaby,6,39.5,3.5
Chinese,Kai,12,80.0,3.5
"Bars, Italian",Cecconi's (bar),1,N\A,5
Pubs,Chequers Tavern,0,N\A,5
German,Herman Ze German Soho,1,30.0,4
Japanese,Kirazu,0,39.5,5
International,Scully,14,64.5,4
Italian,Fields Bar & Kitchen,0,30.0,5
Italian,2 Amici Restaurant,1,N\A,3
French,Côte Charlotte Street,0,30.0,5
Indian,Tamarind Kitchen,2,39.5,5
"Bars, International",Ronnie Scott's,2,39.5,3.5
,The Diner Ganton Street,2,N\A,2.5
Italian,L'ulivo Leicester Square,0,N\A,5
Bars,The House of Ho (bar),0,N\A,5
Bars,The Rosa Lewis Bar,0,N\A,5
Turkish,Troia Bar & Restaurant,1,N\A,4
,Flat Planet,0,30.0,5
British,Dalloway Terrace,5,39.5,4.5
British,Bill's Restaurant Covent Garden - Wellington Street,1,N\A,5
Bars,Grays & Feather,1,N\A,5
Vietnamese,Pho Soho,2,39.5,4.5
Indian,Kricket Soho,7,39.5,5
Tapas,Pix Covent Garden,0,30.0,5
,Pickle and Toast,0,30.0,5
,Afternoon Tea at Jean-Georges at The Connaught,0,80.0,5
International,Garfunkel's Trafalgar Square,0,39.5,5
"Argentinian, Steak",Gaucho Chancery Lane,6,64.5,4
French,Le Troisieme Wine Bar & Restaurant,1,N\A,0.5
Bars,Milk & Honey,1,N\A,4
Sushi,OKA Kingly Court,1,39.5,5
Greek,Hovarda,0,39.5,5
Bars,Hair Of The Dog,0,N\A,5
Mediterranean,Three O Two at H10 London Waterloo,1,N\A,5
Vegetarian,Tibits,0,N\A,5
"Burgers, Pubs",The Crown Battersea,0,N\A,5
Taiwanese,Mr Ji Soho,0,30.0,5
,Cafe Liberty,0,39.5,5
British,Bar & Kitchen,0,N\A,5
Bars,Ain't Nothin' But... The Blues Bar,0,N\A,5
Italian,Obicà Mozzarella Bar - Poland Street,1,39.5,3.5
Chinese,Plum Valley,4,39.5,4
"Burgers, International",Byron Haymarket,0,30.0,5
Afternoon tea,Afternoon Tea at Caffe Concerto Haymarket,0,N\A,5
"Italian, Pizza",Franco Manca Covent Garden,0,30.0,5
Pubs,The Green Man - Riding House Street,2,N\A,2
Pizza,Homeslice Covent Garden,4,30.0,5
Italian,San Carlo St James's,0,64.5,5
Bars,Hide Below,0,N\A,5
Middle Eastern,Shukshuk,0,N\A,5
Mexican,Benito's Hat - New Row,1,30.0,3
Bars,Champagne Stories,0,N\A,5
Brasserie,Florentine at Park Plaza Waterloo,0,39.5,5
,Timberyard Seven Dials,0,30.0,5
Bars,Waterloo Tap,0,N\A,5
Italian,Caffe Rei,0,N\A,5
Chinese,Murger Han Mayfair,0,30.0,5
"Burgers, International",Byron Central St. Giles,0,30.0,5
Sushi,The Araki,6,80.0,4.5
Italian,Caffe Vergnano 1882,2,N\A,1.5
Bars,Longitude 0°8’ at Le Méridien Piccadilly Hotel,0,N\A,5
Italian,Amalfi - Old Compton Street,1,N\A,5
Fish and Chips,Golden Union,3,30.0,4
Japanese,Wagamama Streatham Street,0,39.5,5
French,Café Rouge - Kingsway,1,N\A,1
Steak,Flat Iron Henrietta Street,7,39.5,5
"Burgers, International",Byron Waterloo,3,30.0,4.5
"Afternoon tea, Bars",Mr Fogg’s Residence,2,39.5,4.5
Bars,The Icon Bar at the Empire Casino,0,N\A,5
British,William's Bar & Bistro,0,N\A,5
Mexican,Chipotle - Wardour Street,1,30.0,4.5
International,Riding House Café,19,39.5,4
Bars,Nobu Berkeley St (bar),5,N\A,3.5
"Barbecue, Bars","Low, Slow & Juke",0,39.5,5
Spanish,Arros QD,5,64.5,4
Mexican,Tortilla Charing Cross,0,30.0,5
International,Leon Carnaby Street,0,39.5,5
"Chinese, Malaysian",New Fook Lam Moon,0,39.5,5
Chinese,Noodle Oodle,0,30.0,5
Bars,Bar Salsa Soho,0,N\A,5
Thai,Thai Tho - Soho,3,N\A,3
Pubs,The White Lion - James Street,0,N\A,5
Persian,Simurgh,2,N\A,3.5
,Gino,0,30.0,5
"Italian, Pizza",Pizza Express 147 Strand,0,39.5,5
Peruvian,Floral by Lima,8,64.5,4.5
Afternoon tea,The Rose Lounge at Sofitel London St James Hotel (afternoon tea),1,30.0,5
"North American, Steak",Smith & Wollensky,13,64.5,4.5
Brasserie,Le Deli Robuchon,0,30.0,5
"British, Fish",Wiltons,16,N\A,3.5
Modern European,Podium Restaurant & Bar,1,30.0,5
"Fusion, Modern European, West African",Stork ,0,64.5,5
Japanese,Sakagura,4,39.5,3
"Modern European, South American, Spanish",YOPO at the Mandrake,0,39.5,5
Japanese,Nobu Berkeley St,40,80.0,3
Modern European,Mere,15,64.5,5
Bars,Hawksmoor Air Street Bar,5,N\A,3.5
Vietnamese,Pho & Bun,4,30.0,4
Modern European,Aster,2,64.5,5
Pubs,Waxy O'Connor's,0,N\A,5
"Spanish, Tapas",Aqua Nueva,25,64.5,4
French,Seven Park Place by William Drabble,8,64.5,4
British,Boyds Grill & Wine Bar ,11,64.5,4
Modern European,Ten Room at Hotel Café Royal,3,64.5,4
"British, Fish",Wright Brothers Soho,20,39.5,4.5
French,Pied à Terre,33,64.5,3.5
"Chinese, Indian, Vegetarian",Bollywood Stories,0,39.5,5
"Afternoon tea, Bars, Mediterranean",Radio Rooftop,4,64.5,2.5
Steak,M Victoria Street,4,64.5,5
Hotel Bars,Blind Spot at St Martins Lane hotel,3,N\A,4
Japanese,Aqua Kyoto,37,64.5,3
Bars,The Aviator Bar at Hush,0,N\A,5
Modern European,10 Greek Street,11,39.5,4
Bars,Skylon (bar),3,N\A,4
Bars,Aqua Spirit,2,N\A,2
British,Aulis London,1,80.0,5
Japanese,Benihana Piccadilly,1,64.5,5
Modern European,45 Jermyn St.,6,64.5,4
Italian,Murano,47,80.0,4
Fish,Kaspar's at The Savoy,14,64.5,4
British,OXO Tower Brasserie,17,39.5,3
Bars,Avenue Bar,0,N\A,5
Peruvian,Lima London,16,64.5,3.5
"Italian, Pizza",Bocconcino,4,64.5,3.5
International,Galvin at the Athenaeum,5,39.5,4
Chinese,Zen China Bao Fa Garden,4,39.5,3
French,5 Social,12,39.5,4
Japanese,Kikuchi,3,64.5,3.5
"British, Steak",Hawksmoor Air Street,31,64.5,3.5
"Afternoon tea, Central European, Modern European",The Wolseley,70,64.5,5
"Afternoon tea, British",Berners Tavern at The London Edition,41,64.5,5
Afternoon tea,Afternoon Tea at Corinthia Hotel London,3,39.5,5
French,Frenchie Covent Garden,24,64.5,4.5
Mexican,Corazón,1,39.5,5
Japanese,Shoryu Ramen Soho,0,39.5,5
"British, Pubs",The Barley Mow Horseferry Road,0,N\A,5
Spanish,Eneko Basque Kitchen & Bar,11,64.5,4
"Chinese, Indian, International, Japanese, Middle Eastern, Modern European, Sushi",27 Restaurant & Bar,1,N\A,5
Thai,Crazy Bear,31,64.5,4
"Afternoon tea, Bars, Russian",Zima Russian Restaurant,3,39.5,5
Modern European,Oscar at the Charlotte Street Hotel,6,64.5,3.5
Modern European,Social Eating House,35,64.5,4
Italian,Norma,2,39.5,3
Wine Bars,Cave à Vin,0,30.0,5
,Inamo Soho,27,39.5,3
"Afternoon tea, British",OXO Tower Restaurant,21,64.5,4.5
International,Langan's Brasserie,25,64.5,4
Italian,Mercante,0,39.5,5
,Aubaine Mayfair,6,39.5,3.5
Japanese,Nobu London at the COMO Metropolitan London,19,N\A,3.5
British,Pollen Street Social,91,64.5,4.5
"British, Wine Bars",Davy's at St James's,1,39.5,4
Modern European,100 Wardour St (Bar & Lounge),2,N\A,5
"Afternoon tea, British",The Game Bird at The Stafford London,3,64.5,5
"Dim Sum, Fish, Fusion, Halal, Indian, Japanese, Korean, Middle Eastern, Noodles, Pan-Asian, Peruvian, Sri Lankan, Tapas, Thai, Vegan, Vegetarian, Vietnamese",Gamma Gamma,0,39.5,5
Modern European,The Restaurant at Sanderson ,5,39.5,4
Spanish,Jamon Jamon Soho,2,N\A,4.5
Modern European,Brasserie Max at the Covent Garden Hotel,10,64.5,4
Bars,Ham Yard Bar at Ham Yard Hotel,2,N\A,5
"Bars, British, International",The Rooftop St. James ,0,64.5,5
Vietnamese,Viet Eat,0,30.0,5
"Burgers, North American",Hard Rock Cafe Piccadilly Circus,0,39.5,5
Afternoon tea,Afternoon Tea at The Connaught,1,64.5,5
Gastropub,The Long Acre,0,39.5,5
Bars,Libare Bar at Sartoria,2,39.5,5
"Afternoon tea, Austrian, Central European",The Delaunay,71,64.5,5
International,The Nitery by Gizzi Erskine at St Martins Lane London,0,64.5,5
Afternoon tea,Afternoon Tea at Dukes London,0,39.5,5
Afternoon tea,House Restaurant at the National Theatre (Afternoon Tea),0,39.5,5
"Afternoon tea, British",GBR at Dukes London,0,39.5,5
Indian,Indian Accent,15,64.5,4
International,St Luke’s Kitchen at Library,10,39.5,4
Modern European,Percy & Founders,5,39.5,4
International,The Parlour at Six Storeys on Soho,0,39.5,5
"Afternoon tea, Modern European",The Foyer & Reading Room at Claridge's,5,64.5,4.5
Chinese,Park Chinois,7,80.0,3.5
Thai,Patara Soho,10,39.5,3
French,L'Escargot,8,39.5,4
Bars,The Coral Room,0,N\A,5
"Bars, Burgers",Rileys Sports Bar Haymarket,0,30.0,5
"Afternoon tea, Indian",Afternoon tea at Cinnamon Bazaar,0,39.5,5
Bars,Manetta's Bar at Flemings Mayfair,0,N\A,5
Bars,Equus Bar at The Royal Horseguards,0,N\A,5
Italian,Cafe Murano St James's,19,64.5,4
"British, Vegan",Wild Food Café - Covent Garden,0,30.0,5
Bars,St James Bar,0,30.0,5
"Italian, Vegan, Vegetarian",Leggero,0,N\A,5
Italian,Theo Randall at the InterContinental Park Lane,23,64.5,5
Japanese,Shoryu New Oxford Street,1,30.0,3
Modern European,One Twenty One Two at The Royal Horseguards,0,64.5,5
Bars,Quaglino’s (bar),1,N\A,4
Modern European,Chambers Restaurant at the Apex Temple Court Hotel,0,39.5,5
Bars,Bar Américain at Brasserie Zédel,0,N\A,5
,Circus,5,64.5,4
"British, Steak",Gridiron,0,39.5,5
International,Live at The Hippodrome,0,N\A,5
"Barbecue, North American, Steak",The Big Smoke,1,39.5,5
"British, Wine Bars",The Bunghole Cellars,1,39.5,4
"Afternoon tea, Bars",The Den at St Martins Lane hotel,0,30.0,5
Modern European,Brumus at the Haymarket Hotel,10,64.5,3.5
Afternoon tea,Afternoon Tea at Claridge's,2,64.5,5
Indian,Gopal's of Soho,0,30.0,5
"Halal, Indian",Benares,37,64.5,4.5
International,Bubbledogs,8,39.5,2.5
"Afternoon tea, International",Hush Mayfair,3,64.5,4.5
Italian,Franco's,11,64.5,3
,Inamo Covent Garden,22,39.5,4
International,Sea Containers Restaurant ,15,64.5,3.5
"British, Wine Bars",Crusting Pipe,0,39.5,5
Fish,Bentley's Oyster Bar & Grill,27,64.5,4.5
Bars,Mahiki Mayfair,3,N\A,2.5
Bars,Tropicana Beach Club,0,30.0,5
"Afternoon tea, International",Ham Yard at Ham Yard Hotel,14,39.5,4
"Fish, International, Steak",Beast,3,80.0,3
"Bistro, Burgers, Fish and Chips, Gastropub, Steak, Vegan, Vegetarian",The Punchbowl London,4,39.5,3
Wine Bars,El Vino Fleet Street,4,39.5,4
Italian,Vasco & Piero's Pavilion,11,39.5,4.5
"International, Pizza",Buns & Buns,0,30.0,5
British,Ormer Mayfair at Flemings Mayfair,6,64.5,4
Fish,Bonnie Gull Seafood Shack Fitzrovia ,10,39.5,3.5
"Italian, Wine Bars",Enoteca da Luca Mayfair,0,64.5,5
"Italian, Pizza",Pizza Express St Martin's Lane,0,39.5,5
"Barbecue, Brazilian, Fusion, Mediterranean, Modern European, Portuguese, Vegan, Vegetarian, West African, Wine Bars",Volta do Mar,0,39.5,5
British,Indigo at One Aldwych,12,64.5,4
Bars,Long Bar at Sanderson hotel,2,30.0,4
"Fish, Japanese, Pan-Asian",Robata ,0,39.5,5
French,Brasserie Zédel,56,39.5,4.5
Afternoon tea,The Counter at The Delaunay,0,30.0,5
,Mad Hatters Afternoon Tea at Sanderson hotel,1,39.5,4
Modern European,Kitty Fisher's,9,64.5,4
Thai,Busaba Eathai Floral Street,2,39.5,3
Burgers,Kua'aina,1,39.5,5
British,H.O.M.E,0,64.5,5
Peruvian,Casita Andina,2,39.5,4
"Bars, South American",Barrio Soho,0,N\A,5
,Cure + Cut,0,30.0,5
"North American, Steak",Christopher's,21,64.5,4.5
"Italian, Pizza",Pizza Express 154 Victoria Street,1,39.5,5
Bars,The Coburg at The Connaught Hotel,1,N\A,4.5
Bars,Bitter Sweet,0,N\A,5
Modern European,Le Caprice,25,64.5,5
"Japanese, Sushi",Sushi Hiroba,4,39.5,3
Bars,Zoo,0,N\A,5
"Bars, Hotel Bars",The Fumoir at Claridge's,0,N\A,5
International,Egg’cellent,0,30.0,5
British,Players Bar & Kitchen,1,N\A,3.5
International,Rovi,2,39.5,5
Pubs,The Toucan,0,N\A,5
Indian,Tandoor Chop House,1,39.5,5
International,The Good Egg Soho,2,30.0,5
Mediterranean,Bistro 1 - Covent Garden,1,N\A,3.5
Bars,Boyds Bar,0,N\A,5
Afternoon tea,Afternoon Tea at Caffe Concerto De Pierre,0,N\A,5
Fish,Caviar Kaspia,0,64.5,5
Bars,Topolski,0,N\A,5
Indian,Lucknow 49,1,39.5,4
Wine Bars,Cork & Bottle,2,39.5,3.5
"Italian, Mediterranean",Locale Southbank,1,30.0,2.5
Bars,Swift,0,N\A,5
"British, French",Live at The Savoy,0,64.5,5
"Fusion, Mediterranean",Nopi,30,64.5,3.5
Bars,The George - Great Queen Street,0,N\A,5
"Burgers, Pizza",The Fire Station Waterloo Road,0,30.0,5
,The Brasserie at Mercure London Bloomsbury (afternoon tea),0,30.0,5
Chinese,Shu Xiangge,0,39.5,5
Middle Eastern,Maroush V,1,39.5,3.5
North American,Melt Room,0,30.0,5
Vietnamese,Banh Bao Brothers,0,30.0,5
North American,Dirty Bones Carnaby,0,30.0,5
Pubs,The Blue Posts,0,N\A,5
"Japanese, Sushi",Taro,0,30.0,5
Italian,Osteria Dell'Opera,0,N\A,5
"Japanese, Noodles",Ippudo Central Saint Giles,1,39.5,3.5
Spanish,Iberica Victoria,4,39.5,3
Italian,Bella Italia - Wellington Street,1,30.0,3.5
"Afternoon tea, International",Jean-Georges at The Connaught,3,64.5,5
,Auberge Sandell Street,0,N\A,5
Bars,Experimental Cocktail Club,14,39.5,2
"Afternoon tea, Italian",The Grand by Concerto,0,30.0,5
Korean,Asadal,7,39.5,3
"Bars, British, Modern European",12th Knot at Sea Containers London (formerly Rumpus Room),2,39.5,5
Wine Bars,Antidote,4,64.5,4
"Italian, Lebanese, Mediterranean, Middle Eastern, Pizza",Pucci Mayfair,7,30.0,4.5
Italian,Cafe Murano Covent Garden,23,64.5,4
North American,Joe Allen,31,39.5,4
British,Kerridge's Bar & Grill,25,64.5,5
"Chinese, Gastropub",The Duck and Rice,8,39.5,4
Afternoon tea,Diamond Jubilee Tea Salon at Fortnum & Mason (afternoon tea) ,5,39.5,3.5
French,Hélène Darroze at The Connaught,33,80.0,5
"British, Wine Bars",Truckles of Pied Bull Yard,2,39.5,3.5
Afternoon tea,Lutyens Lounge at The Bloomsbury Hotel (afternoon tea),0,39.5,5
Modern European,Refuel at The Soho Hotel,8,64.5,4.5
French,Galvin at Windows,40,64.5,4
Fish,Fishworks Swallow Street,3,39.5,4
Bars,Gymkhana Bar,1,N\A,5
"British, International",The Ivy,56,64.5,5
Japanese,Shoryu Ramen Carnaby,0,39.5,5
Japanese,Shoryu Ramen Regent St,0,39.5,5
Taiwanese,Xu,7,64.5,4
"Modern European, Steak, Vegetarian",Caxton Grill at St Ermin’s Hotel,1,39.5,5
"British, Scottish",Mac & Wild Fitzrovia,0,39.5,5
Scandinavian,Aquavit,6,64.5,4
Bars,Chambers Bar at the Apex Temple Court Hotel,1,N\A,5
"Afternoon tea, British",The Drawing Room at Flemings Mayfair,0,39.5,5
Italian,Quirinale,7,64.5,4
Bars,The Connaught Bar at the Connaught,3,N\A,4.5
"British, Wine Bars",Champagne Charlies,7,39.5,4.5
Bars,Q Bar at Quilon,0,N\A,5
"Japanese, Noodles",Ippudo Villiers Street,0,30.0,5
International,Jamies Tudor Street,0,39.5,5
French,Le Comptoir Robuchon ,0,64.5,5
Indian,Mint Leaf,12,64.5,3
Italian,Hai Cenato,5,39.5,3.5
Bars,OXO Tower Bar,1,N\A,5
"Afternoon tea, Japanese, Sushi",Ginza Onodera,1,64.5,4.5
Bars,Crazy Bear (bar),4,N\A,4
British,The Yacht London,1,39.5,4
Bars,Vijay's Speak Easy Bar (Lokhandwala),0,N\A,5
"British, North American",Heliot at The Hippodrome ,4,39.5,4
Bars,Rumours Mayfair,0,39.5,5
"British, Steak",Hawksmoor Seven Dials,41,64.5,5
"North American, Steak",STK London,17,64.5,2
"Japanese, Noodles",Shoryu Ramen Covent Garden,0,39.5,5
Pubs,The Burlington Arms,0,30.0,5
Modern European,Spring,16,64.5,3.5
British,"Rowley's, London",14,64.5,4.5
